Jno,Name,Position,Mins_played,Matchs,Start,Yellow,Red,Substitute,Subbed_off,Two_yellow,Goals,Penalty,Own_goals,Goals_conceded,Ratings,pos
1,A. Remiro,Goalkeeper,3420,38,38,1,0,0,0,0,0,0,0,35,6.99,0
1,C. Bravo,Goalkeeper,1080,12,12,2,0,0,0,0,0,0,0,9,7.15,0
1,Conan,Goalkeeper,3060,34,34,2,0,0,0,0,0,0,0,48,7.17,0
1,Courtois,Goalkeeper,2790,31,31,0,0,0,0,0,0,0,0,29,7.13,0
1,D. Mariño,Goalkeeper,45,1,0,0,0,1,0,0,0,0,0,2,6.5,0
1,Dimitrievski,Goalkeeper,3325,37,37,4,0,0,1,0,0,0,0,49,6.76,0
1,Dmitrovic,Goalkeeper,1268,15,13,2,0,2,0,0,0,0,0,13,7.0,0
1,Grbic,Goalkeeper,922,12,10,3,0,2,1,0,0,0,0,12,6.92,0
1,Juan Carlos,Goalkeeper,900,10,10,0,0,0,0,0,0,0,0,18,6.58,0
1,Marchesin,Goalkeeper,1710,19,19,3,0,0,0,0,0,0,0,29,6.76,0
1,Rajkovic,Goalkeeper,3240,36,36,3,0,0,0,0,0,0,0,40,6.88,0
1,Reina,Goalkeeper,1980,22,22,2,0,0,0,0,0,0,0,27,6.86,0
1,Ter Stegen,Goalkeeper,3348,38,38,0,0,0,2,0,0,0,0,18,7.15,0
1,Unai Simon,Goalkeeper,2745,31,31,2,0,0,1,0,0,0,0,37,6.79,0
2,A.sola,Defender,346,10,3,1,0,7,2,0,0,0,0,5,6.77,1
2,Bernardo,Defender,1225,20,14,5,0,6,4,0,1,0,0,26,6.68,1
2,Carvajal,Defender,1787,27,20,6,1,7,11,1,0,0,0,22,6.77,1
2,Djene,Defender,2844,33,33,10,1,0,3,0,0,0,0,39,6.65,1
2,G. Montiel,Defender,1521,28,17,8,1,11,8,0,0,0,0,28,6.58,1
2,J. M. Giménez,Defender,2421,28,26,9,0,2,0,0,2,0,0,21,7.17,1
2,Kaiky,Defender,581,13,7,5,0,6,4,0,0,0,0,13,6.65,1
2,Kiko F.,Defender,1136,20,13,0,0,7,8,0,0,0,0,14,6.81,1
2,Montoya,Defender,456,6,6,1,0,0,3,0,0,0,0,10,6.58,1
2,Morci,Forward,59,10,0,0,0,10,0,0,0,0,0,1,6.59,3
2,Raúl Parra,Defender,312,6,4,1,0,2,4,0,0,0,0,3,6.49,1
2,Raúl Parra,Defender,312,6,4,1,0,2,4,0,0,0,0,3,6.5,1
2,Thierry R.,Defender,2015,27,24,6,0,3,10,0,0,0,0,26,6.89,1
3,Alex Telles,Defender,1427,27,15,6,0,12,9,0,0,0,0,24,6.78,1
3,E. Militão,Defender,2703,33,30,4,0,3,2,0,5,0,0,29,7.24,1
3,Edgar,Defender,1770,25,18,4,2,7,1,2,0,0,0,20,6.7,1
3,F. Angileri,Defender,583,15,7,2,1,8,4,0,0,0,0,15,6.4,1
3,Fali,Defender,1719,25,22,6,0,3,11,0,0,0,0,25,6.74,1
3,Melero,Midfielder,1875,27,24,5,0,3,23,0,4,1,0,28,6.73,2
3,Miguel,Defender,2397,34,27,6,0,7,15,0,2,0,0,36,6.71,1
3,Mingueza,Defender,1284,21,13,2,0,8,5,0,0,0,0,20,6.7,1
3,R. Albiol,Defender,2119,25,24,6,0,1,2,0,0,0,0,23,6.95,1
3,Vivian,Defender,2373,29,26,8,1,3,0,0,1,0,0,24,6.85,1
3,Zubimendi,Midfielder,3101,36,35,12,0,1,2,0,1,0,0,34,6.9,2
4,Alaba,Defender,1840,23,21,3,0,2,5,0,1,0,0,18,6.86,1
4,Arnau,Defender,2735,33,32,11,0,1,7,0,3,0,0,49,6.79,1
4,Eguaras,Midfielder,957,25,10,6,0,15,6,0,1,0,0,19,6.68,2
4,Gaston,Defender,1501,22,16,8,1,6,6,0,2,0,0,15,6.65,1
4,K. Rekik,Defender,1184,16,15,2,0,1,5,0,1,0,1,16,6.69,1
4,M. Suárez,Defender,10,2,0,0,1,2,0,0,0,0,0,1,6.57,1
4,Musah,Midfielder,2121,33,26,10,1,7,18,0,0,0,0,26,6.57,2
4,Nuñez,Defender,3151,36,35,8,0,1,0,0,0,0,1,48,6.91,1
4,Pau,Defender,3055,34,34,10,0,0,1,0,1,0,1,35,7.04,1
4,Paul,Midfielder,441,12,3,3,0,9,1,0,0,0,0,6,6.78,2
4,R. Alcaraz,Midfielder,2047,31,22,10,0,9,11,0,3,2,0,26,6.72,2
4,R. Araujo,Defender,1803,22,21,6,1,1,4,0,0,0,1,5,7.03,1
5,David Lopez,Defender,1657,20,19,5,0,1,5,0,3,0,0,24,7.1,1
5,Dolberg,Forward,198,4,2,0,0,2,1,0,0,0,0,2,6.73,3
5,G. Rodriguez,Midfielder,2876,34,33,8,0,1,6,0,1,0,1,32,7.07,2
5,G.paulista,Defender,1504,21,18,2,2,3,3,1,1,0,0,24,6.79,1
5,J. Cuenca,Defender,503,10,5,1,0,5,1,0,0,0,0,7,6.8,1
5,L. Milla,Midfielder,1861,27,22,4,1,5,10,1,0,0,0,21,6.95,2
5,L. Ocampos,Midfielder,1163,19,11,7,0,8,5,0,4,3,0,20,6.73,2
5,M. Mbaye,Defender,754,14,7,2,0,7,1,0,0,0,0,17,6.61,1
5,R. De Paul,Midfielder,1934,30,24,5,0,6,19,0,2,0,0,20,7.2,2
5,Robertone,Midfielder,2859,37,34,7,0,3,22,0,2,0,0,47,7.12,2
5,Vallejo,Defender,21,1,0,0,0,1,0,0,0,0,0,0,6.5,1
5,Yeray,Defender,2337,28,27,7,1,1,5,0,1,0,0,30,6.97,1
5,Zubeldia,Midfielder,2547,31,29,10,0,2,5,0,1,0,1,26,6.87,2
6,Aritz,Defender,1450,25,16,5,1,9,7,0,0,0,0,14,6.53,1
6,Capoue,Midfielder,1958,28,22,4,0,6,10,0,3,0,0,26,6.86,2
6,Copete,Defender,2214,28,27,7,1,1,10,0,1,0,0,26,6.95,1
6,Domingos D.,Defender,2657,31,30,9,1,1,1,1,0,0,1,40,6.78,1
6,Gudelj,Midfielder,2777,34,31,8,0,3,3,0,3,0,0,46,6.96,2
6,Hugo G.,Defender,1633,25,19,5,0,6,8,0,1,1,1,23,6.79,1
6,Jose Mari,Midfielder,383,18,2,4,0,16,3,0,0,0,0,8,6.62,2
6,Koke,Midfielder,2559,33,30,4,0,3,18,0,0,0,0,24,6.88,2
6,Nacho,Defender,1632,27,18,7,0,9,4,0,1,0,1,14,6.84,1
6,Vesga,Midfielder,2574,36,28,5,0,8,7,0,3,2,1,30,6.86,2
7,Barrene,Forward,870,23,9,4,0,14,9,0,3,0,0,5,6.73,3
7,Berenguer,Forward,2301,37,26,2,0,11,16,0,4,0,0,33,6.89,3
7,C. Pérez,Forward,2146,35,23,4,0,12,15,0,3,0,0,26,6.71,3
7,Cavani,Forward,1461,25,20,6,0,5,16,0,5,2,0,15,6.77,3
7,Gerard,Forward,1228,21,14,3,0,7,7,0,7,1,0,9,6.95,3
7,Isi,Midfielder,2988,37,36,4,0,1,25,0,9,1,0,45,7.04,2
7,Juanmi,Forward,920,22,9,3,0,13,6,0,4,0,0,18,6.59,3
7,Mata,Forward,434,18,5,5,0,13,4,0,1,0,0,3,6.64,3
7,Muriqi,Forward,2952,35,34,6,1,1,17,0,15,4,0,35,7.01,3
7,O. Dembélé,Forward,1415,25,16,4,0,9,13,0,5,0,0,11,7.18,3
7,Ramazani,Forward,1393,33,13,6,0,20,12,0,3,0,0,31,6.61,3
7,Sobrino,Forward,2471,33,28,11,0,5,10,0,3,0,0,27,6.63,3
7,Stuani,Forward,1075,32,8,8,0,24,5,0,9,5,0,16,6.73,3
7,Suso,Midfielder,1060,25,10,1,0,15,9,0,2,0,0,15,6.93,2
8,Alex,Midfielder,1573,28,17,0,0,11,8,0,3,1,0,26,6.7,2
8,Fekir,Forward,964,15,12,5,1,3,6,0,2,1,0,10,6.83,3
8,Foyth,Defender,1960,24,22,6,0,2,5,0,1,0,0,24,7.01,1
8,Fran Beltran,Midfielder,2861,36,33,4,0,3,11,0,0,0,0,44,6.77,2
8,Grenier,Midfielder,713,21,6,7,0,15,5,0,0,0,0,11,6.65,2
8,Griezmann,Forward,2859,38,31,2,0,7,8,0,15,0,0,29,7.74,3
8,Jordán,Midfielder,1594,23,19,8,0,4,8,0,0,0,0,28,6.74,2
8,Kroos,Midfielder,2163,30,25,0,1,5,12,1,2,0,0,23,7.42,2
8,Merino,Midfielder,2498,33,28,6,1,5,9,0,2,0,0,31,7.11,2
8,O. Sancet,Midfielder,2553,36,32,6,1,4,25,0,10,2,0,29,6.81,2
8,Oscar Trejo,Midfielder,2163,34,28,9,0,6,26,0,3,1,0,32,6.6,2
8,Pedri,Midfielder,1982,26,22,2,0,4,10,0,6,0,0,9,7.28,2
8,Seoane,Midfielder,318,16,2,1,0,14,3,0,0,0,0,8,6.57,2
8,Tsygankov,Forward,1492,19,17,0,0,2,7,0,3,0,0,19,6.73,3
8,Tsygankov,Forward,1492,19,17,0,0,2,7,0,3,0,0,19,7.01,3
9,Abdón,Forward,398,26,2,1,0,24,2,0,1,0,0,7,6.55,3
9,B. Iglesias,Forward,2380,35,29,2,1,6,22,0,15,5,0,24,6.87,3
9,Carlos Fdez,Forward,623,24,8,6,0,16,8,0,1,0,0,8,6.6,3
9,El Bilal,Forward,1274,21,15,0,0,6,14,0,7,0,0,23,6.81,3
9,Falcao,Forward,597,27,3,4,0,24,2,0,2,1,0,9,6.5,3
9,G. Paciencia,Forward,648,25,5,2,1,20,5,0,2,0,0,7,6.65,3
9,Lewandowski,Forward,2851,34,33,2,1,1,5,1,23,0,0,20,7.33,3
9,Portu,Forward,1757,34,17,5,1,17,8,1,0,0,0,24,6.61,3
9,Tecatito,Forward,110,4,1,0,0,3,1,0,1,0,0,2,6.8,3
9,Williams,Forward,2850,36,34,2,0,2,19,0,10,1,0,35,6.89,3
10,Ansu Fati,Forward,1381,36,12,3,0,24,11,0,7,0,0,5,6.83,3
10,Canales,Midfielder,2412,31,28,2,2,3,13,1,4,1,0,28,6.98,2
10,Correa,Forward,1448,35,13,2,1,22,12,0,9,0,0,15,6.74,3
10,Embarba,Forward,1474,29,18,3,1,11,16,1,4,1,0,27,6.92,3
10,Enes Ünal,Forward,2983,35,35,6,0,0,16,0,14,5,0,42,7.13,3
10,I. Rakitic,Midfielder,1788,31,21,3,1,10,10,0,1,1,0,25,6.86,2
10,Iago Aspas,Forward,2865,37,31,4,0,6,4,0,12,2,0,46,7.19,3
10,Modric,Midfielder,1746,33,19,7,0,14,15,0,4,1,0,20,6.95,2
10,Muniain,Forward,1692,30,19,2,0,11,14,0,0,0,0,18,6.99,3
10,Oyarzabal,Forward,1218,23,14,1,0,9,11,0,4,2,0,12,6.64,3
10,Parejo,Midfielder,3289,37,37,6,0,0,4,0,3,2,0,39,7.24,2
10,Sánchez,Midfielder,1065,32,11,5,0,21,10,0,0,0,0,19,6.44,2
10,T. Bongonda,Forward,1949,31,24,2,0,7,20,0,4,1,0,25,6.75,3
11,Aleñá,Midfielder,2124,35,26,10,1,9,18,1,2,0,0,27,6.55,2
11,Cervi,Midfielder,1892,36,21,2,1,15,14,0,0,0,0,37,6.82,2
11,Cho,Forward,578,19,5,1,0,14,5,0,1,0,0,9,6.72,3
11,Chukwueze,Forward,2346,37,27,1,0,10,18,0,6,0,0,33,6.91,3
11,Dyego Sousa,Forward,515,20,3,1,0,17,3,0,0,0,0,6,6.68,3
11,Ferran,Forward,1382,33,14,5,1,19,9,0,4,0,0,11,6.79,3
11,I. Alejo,Midfielder,1303,31,13,11,1,18,11,1,0,0,0,26,6.54,2
11,Lemar,Midfielder,1257,27,17,1,0,10,17,0,1,0,0,10,6.84,2
11,Lemar,Midfielder,1257,27,17,1,0,10,17,0,1,0,0,10,6.97,2
11,Luiz Henrique,Forward,1809,33,21,6,0,12,18,0,1,0,0,25,6.55,3
11,Luiz Henrique,Forward,1809,33,21,6,0,12,18,0,1,0,0,25,6.67,3
11,Morlanes,Midfielder,713,12,9,3,0,3,9,0,1,0,0,10,6.81,2
11,S. Castillejo,Midfielder,1369,25,17,7,0,8,14,0,4,0,0,15,6.82,2
11,Valery,Defender,958,25,7,1,0,18,7,0,0,0,0,14,6.62,1
11,Williams Jr,Forward,2673,36,32,3,0,4,23,0,6,0,0,30,6.8,3
12,Aihen,Defender,1757,23,20,2,0,3,3,0,0,0,0,21,6.65,1
12,Andrés,Forward,202,9,3,1,0,6,3,0,0,0,0,1,6.55,3
12,Baba,Midfielder,1748,29,20,5,0,9,9,0,0,0,0,24,6.65,2
12,Camavinga,Midfielder,2001,37,21,6,0,16,10,0,0,0,0,16,6.87,2
12,Diakhaby,Defender,2448,29,28,5,1,1,4,1,3,0,0,29,6.88,1
12,Doherty,Defender,16,2,0,0,0,2,0,0,0,0,0,0,6.69,1
12,Guruzeta,Forward,1419,30,17,2,0,13,15,0,6,0,0,16,6.62,3
12,Guruzeta,Forward,1419,30,17,2,0,13,15,0,6,0,0,16,6.82,3
12,J. Mojica,Defender,634,17,5,0,0,12,1,0,0,0,0,12,6.7,1
12,L. Baptistao,Forward,1742,28,24,7,0,4,23,0,5,0,0,30,6.75,3
12,Rafa Mir,Forward,1297,26,16,1,0,10,9,0,6,0,0,24,6.65,3
12,Toni Villa,Midfielder,895,24,12,2,0,12,12,0,1,0,0,10,6.52,2
12,Willian J.,Forward,716,28,6,1,0,22,4,0,2,1,0,11,6.68,3
12,Youba Diarra,Midfielder,94,5,1,2,0,4,1,0,0,0,0,5,6.44,2
13,Agirrezabala,Goalkeeper,675,8,7,0,0,1,0,0,0,0,0,6,6.81,0
13,Bono,Goalkeeper,2152,25,25,2,0,0,2,0,0,0,0,41,6.68,0
13,David Gil,Goalkeeper,360,4,4,0,0,0,0,0,0,0,0,5,7.38,0
13,David Soria,Goalkeeper,3420,38,38,3,0,0,0,0,0,0,0,45,6.97,0
13,Fernando C.s.,Goalkeeper,3285,37,37,3,0,0,1,0,0,0,0,61,6.92,0
13,Gazzaniga,Goalkeeper,2520,28,28,4,0,0,0,0,0,0,0,37,6.9,0
13,Greif,Goalkeeper,90,1,1,0,0,0,0,0,0,0,0,3,6.8,0
13,Iñaki Peña,Goalkeeper,72,2,0,0,0,2,0,0,0,0,0,2,6.2,0
13,Ivan Villar,Goalkeeper,1710,19,19,0,0,0,0,0,0,0,0,24,6.68,0
13,Lunin,Goalkeeper,630,7,7,0,0,0,0,0,0,0,0,7,6.81,0
13,Oblak,Goalkeeper,2493,28,28,1,0,0,2,0,0,0,0,20,6.93,0
13,Rui Silva,Goalkeeper,2340,26,26,2,0,0,0,0,0,0,0,32,6.93,0
14,Aleix Garcia,Midfielder,2339,30,26,1,0,4,8,0,1,0,0,37,7.4,2
14,Brian,Forward,1128,18,15,2,0,3,13,0,1,0,0,17,6.62,3
14,Dani García,Midfielder,1491,25,18,6,0,7,13,0,0,0,0,19,6.8,2
14,Dani Rodríguez,Midfielder,2115,35,26,8,0,9,23,0,3,0,0,26,6.76,2
14,Gayà,Defender,2715,31,31,4,0,0,6,0,1,0,0,37,7.16,1
14,Lazaro,Forward,711,19,7,1,0,12,5,0,6,0,0,13,6.88,3
14,M. Llorente,Midfielder,1710,22,21,5,0,1,10,0,1,0,0,11,6.97,2
14,M. Trigueros,Midfielder,817,23,8,2,1,15,5,0,0,0,0,8,6.53,2
14,Nianzou,Defender,1370,19,16,1,1,3,4,0,1,0,0,27,6.62,1
14,Salvi Sánchez,Midfielder,472,24,4,2,0,20,4,0,0,0,0,15,6.54,2
14,Take,Midfielder,2452,35,29,3,0,6,22,0,9,0,0,21,7.03,2
14,Tapia,Midfielder,1450,28,16,6,1,12,10,1,0,0,0,28,6.69,2
14,William,Midfielder,2451,33,31,6,1,2,17,0,3,0,0,24,6.93,2
15,Aidoo Jr,Defender,3121,35,35,4,1,0,1,1,3,0,0,48,6.85,1
15,Akieme,Defender,2298,29,27,5,0,2,4,0,1,0,0,45,6.59,1
15,Cenk,Defender,1363,17,14,1,0,3,1,0,0,0,0,18,6.81,1
15,Chavarría,Defender,356,16,2,1,0,14,2,0,0,0,0,7,6.54,1
15,Christensen,Defender,1765,23,22,2,0,1,7,0,1,0,1,13,7.05,1
15,I. Lekue,Defender,1321,20,14,1,0,6,6,0,0,0,0,15,6.75,1
15,Juanpe Rl,Defender,1427,19,17,3,0,2,4,0,1,0,0,25,6.6,1
15,Maffeo,Defender,2977,35,34,6,1,1,4,0,2,0,0,40,6.8,1
15,Omar Alderete,Defender,2049,25,23,9,0,2,4,0,1,0,0,24,6.79,1
15,Rico,Defender,1646,20,18,3,0,2,3,0,0,0,0,14,6.87,1
15,Savic,Defender,1945,22,22,5,2,0,1,0,0,0,0,17,6.86,1
15,Valverde,Midfielder,2509,34,29,2,0,5,12,0,7,0,0,25,7.25,2
15,Y. En-Nesyri,Forward,1657,31,17,4,0,14,11,0,8,0,0,22,6.79,3
16,A. Mumin,Defender,918,16,9,2,0,7,0,0,0,0,0,17,6.51,1
16,Alex . B,Midfielder,1944,35,19,11,1,16,9,1,6,0,0,23,6.66,2
16,Alex . B,Midfielder,1944,35,19,11,1,16,9,1,6,0,0,23,6.92,2
16,Algobia,Midfielder,1129,26,11,3,0,15,8,0,0,0,0,15,6.54,2
16,Chris Ramos,Forward,705,15,7,2,0,8,4,0,1,0,0,10,6.48,3
16,Chris Ramos,Forward,705,15,7,2,0,8,4,0,1,0,0,10,6.67,3
16,Chris Ramos,Forward,705,15,7,2,0,8,4,0,1,0,0,10,6.85,3
16,Guevara,Midfielder,217,8,2,2,0,6,2,0,0,0,0,1,6.78,2
16,J. Navas,Defender,1979,32,21,5,0,11,9,0,0,0,1,27,6.77,1
16,L. Suárez,Forward,1495,21,18,4,1,3,9,0,4,0,0,28,6.4,3
16,L. Suárez,Forward,1495,21,18,4,1,3,9,0,4,0,0,28,6.73,3
16,Molina L.,Defender,2871,33,33,7,1,0,4,0,4,0,0,28,6.88,1
16,Odriozola,Defender,36,3,0,0,0,3,0,0,0,0,0,0,6.8,1
16,Pezzella,Defender,2515,31,29,4,3,2,4,0,0,0,0,28,6.9,1
16,Vencedor,Midfielder,183,10,0,2,0,10,0,0,0,0,0,7,6.46,2
17,Alex Pozo,Midfielder,1876,30,20,2,0,10,6,0,0,0,0,26,6.68,2
17,E. Lamela,Midfielder,1844,32,20,8,1,12,10,1,6,0,0,29,6.63,2
17,E. Lamela,Midfielder,1844,32,20,8,1,12,10,1,6,0,0,29,6.68,2
17,Escalante,Midfielder,1126,14,13,4,0,1,5,0,4,0,0,13,7.06,2
17,Lucas V.,Midfielder,1141,23,12,2,0,11,6,0,4,0,0,12,7.03,2
17,Marcos A.,Defender,1162,24,11,3,0,13,3,0,1,0,0,11,6.9,1
17,Navarro,Midfielder,337,17,1,2,0,16,1,0,0,0,0,6,6.54,2
17,Saúl,Midfielder,1087,31,11,8,0,20,6,0,3,0,0,14,6.8,2
17,Unai Lopez,Midfielder,1243,34,12,2,0,22,11,0,1,0,0,20,6.7,2
17,Yuri B.,Defender,2406,29,27,6,1,2,2,1,1,0,0,32,6.96,1
18,A. Almeida,Midfielder,2550,34,29,3,0,5,15,0,2,0,0,32,6.94,2
18,A. Guardado,Midfielder,1373,26,16,7,0,10,10,0,1,0,0,23,6.82,2
18,A. Negredo,Forward,755,21,9,0,0,12,8,0,1,0,0,17,6.79,3
18,Alberto M.,Defender,1294,24,14,7,0,10,11,0,0,0,0,15,6.66,1
18,Álvaro,Midfielder,2887,35,34,7,0,1,19,0,5,0,0,41,6.99,2
18,Arnau Puigmal,Midfielder,760,22,7,4,0,15,7,0,1,0,0,18,6.56,2
18,De Marcos,Defender,2823,37,32,7,0,5,10,0,1,0,1,34,6.79,1
18,Gorosabel,Defender,1711,27,19,3,0,8,10,0,0,0,0,19,6.73,1
18,J. Costa,Defender,2608,32,30,11,0,2,11,0,0,0,0,32,6.71,1
18,M. Arambarri,Midfielder,998,13,13,3,1,0,7,1,0,0,1,18,6.89,2
18,Romeu,Midfielder,2952,33,33,8,1,0,1,1,2,0,0,47,6.89,2
18,Strand Larsen,Forward,1710,32,20,4,0,12,17,0,4,0,0,32,6.73,3
18,Tchouameni,Midfielder,2120,33,24,2,0,9,10,0,0,0,0,27,7.13,2
19,Acuña,Defender,1913,30,21,9,3,9,9,0,3,0,0,34,6.5,1
19,Acuña,Defender,1913,30,21,9,3,9,9,0,3,0,0,34,7.01,1
19,B. Mayoral,Forward,2773,35,33,4,0,2,19,0,8,0,0,40,6.67,3
19,Coquelin,Midfielder,746,16,9,2,0,7,8,0,1,0,0,6,6.73,2
19,D. Ceballos,Midfielder,1567,30,19,8,0,11,14,0,0,0,0,14,6.93,2
19,Hugo Duro,Forward,1374,30,12,5,0,18,6,0,1,0,0,20,6.6,3
19,Kessie,Midfielder,978,28,7,4,0,21,6,0,1,0,0,7,6.67,2
19,Lee Kang In,Midfielder,2840,36,33,10,0,3,21,0,6,0,0,32,7.13,2
19,Luiz Felipe,Defender,1766,23,22,3,3,1,3,0,0,0,0,23,6.79,1
19,Morata,Forward,1905,36,23,4,0,13,20,0,13,0,0,10,6.89,3
19,R. Ely,Defender,3158,36,36,8,1,0,2,1,0,0,1,61,6.79,1
19,Sergi Guardiola,Forward,1175,17,14,2,0,3,12,0,3,0,0,10,6.7,3
19,Sørloth,Forward,2397,34,28,4,0,6,20,0,12,0,0,20,6.58,3
19,Swedberg,Midfielder,52,4,0,1,0,4,0,0,0,0,0,0,6.75,2
20,Abner,Defender,604,13,7,2,0,6,4,0,0,0,0,10,6.4,1
20,Abner,Defender,604,13,7,2,0,6,4,0,0,0,0,10,6.85,1
20,Balliu,Defender,3237,37,37,6,0,0,6,0,0,0,2,47,6.7,1
20,Centelles,Defender,1122,15,11,0,1,4,2,0,1,0,0,20,6.73,1
20,Fernando,Midfielder,1580,22,19,2,1,3,8,0,0,0,1,21,6.85,2
20,Foulquier,Defender,1727,30,17,4,0,13,2,0,0,0,0,24,6.62,1
20,G. Gonzalez,Defender,922,15,9,5,0,6,2,0,0,0,0,7,6.71,1
20,Kevin V.,Defender,440,10,6,2,0,4,4,0,0,0,0,8,6.5,1
20,Maksimovic,Midfielder,2066,29,26,3,0,3,17,0,0,0,0,26,6.77,2
20,Pacheco,Defender,1189,17,12,2,0,5,0,0,0,0,0,13,6.78,1
20,S. Roberto,Defender,1306,23,15,3,0,8,10,0,4,0,0,10,6.93,1
20,Vini Jr.,Forward,2831,33,32,10,0,1,10,0,10,0,0,32,7.05,3
20,Witsel,Midfielder,2255,33,25,2,1,8,3,0,0,0,0,27,6.77,2
21,A. Raillo,Defender,2766,31,31,11,1,0,1,0,2,0,0,31,7.07,1
21,Arzamendia,Defender,479,12,5,0,0,7,2,0,0,0,0,15,6.28,1
21,Carrasco,Midfielder,2329,35,26,2,0,9,19,0,7,1,0,25,6.85,2
21,Chumi,Defender,1486,21,15,5,0,6,2,0,1,0,0,30,6.56,1
21,F. De Jong,Midfielder,2537,33,29,3,0,4,9,0,2,0,0,20,7.24,2
21,Iglesias,Defender,2142,32,21,8,0,11,5,0,1,0,0,32,6.73,1
21,J. Vázquez,Defender,305,10,3,1,0,7,2,0,0,0,0,5,6.53,1
21,Oliver T.,Midfielder,2147,32,27,2,0,5,20,0,3,0,0,31,6.72,2
21,Pathé Ciss,Midfielder,1267,32,12,4,0,20,6,0,1,0,1,27,6.65,2
21,Rodrygo,Forward,2380,34,25,4,0,9,10,0,9,1,0,27,7.1,3
21,Silva,Midfielder,1957,28,25,4,0,3,24,0,2,0,0,21,7.0,2
21,Yeremy,Midfielder,2464,36,31,7,0,5,23,0,4,0,0,31,6.88,2
22,A. J. Morales,Forward,1205,29,11,2,0,18,7,0,7,0,0,11,6.71,3
22,Babic,Defender,2999,34,33,5,0,1,1,0,3,0,0,56,6.72,1
22,Badé,Defender,1448,19,16,4,0,3,1,0,1,0,0,16,7.06,1
22,Damián,Defender,1958,28,26,7,0,2,14,0,1,0,0,20,6.75,1
22,Jose Pozo,Midfielder,81,8,1,0,0,7,1,0,0,0,0,3,6.46,2
22,M. Hermoso,Defender,2111,26,24,3,2,2,2,2,3,0,0,19,6.93,1
22,Marcos André,Forward,436,17,3,2,1,14,3,0,1,0,0,7,6.64,3
22,Raphinha,Forward,2083,36,25,8,0,11,23,0,7,0,0,9,7.27,3
22,Raul Garcia,Midfielder,947,35,6,4,0,29,5,0,2,0,0,13,6.68,2
22,Rüdiger,Defender,2411,33,26,1,0,7,1,0,1,0,0,25,6.85,1
22,S. Bueno,Defender,3012,34,34,5,1,0,1,1,0,0,0,48,6.87,1
22,Turrientes,Midfielder,101,6,1,0,0,5,1,0,0,0,0,2,6.55,2
23,Amath,Forward,1218,28,12,2,1,16,8,0,2,0,0,14,6.47,3
23,Ander Herrera,Midfielder,698,17,9,4,1,8,10,0,0,0,0,10,6.71,2
23,Brais Méndez,Midfielder,2416,34,28,6,0,6,16,0,8,0,0,25,7.04,2
23,De La Torre,Midfielder,1488,28,16,6,0,12,14,0,0,0,0,17,6.59,2
23,F. Mendy,Defender,1359,18,17,2,0,1,11,0,0,0,0,17,6.68,1
23,Kounde,Defender,2428,29,28,2,0,1,4,0,1,0,1,12,7.1,1
23,Luis Hernández,Defender,3149,35,35,6,1,0,0,1,0,0,0,46,6.9,1
23,Mandi,Defender,1459,21,16,1,0,5,3,0,0,0,0,17,6.87,1
23,Marcao,Defender,374,5,4,2,0,1,0,0,0,0,0,5,6.84,1
23,Mitrovic,Defender,1677,22,18,4,0,4,2,0,0,0,0,17,6.7,1
23,Óscar,Midfielder,2563,34,29,11,0,5,16,0,0,0,0,33,6.74,2
23,Reinildo,Defender,1860,22,22,4,0,0,4,0,0,0,0,17,7.01,1
23,Sabaly,Defender,1680,23,19,2,0,4,5,0,1,0,0,18,6.9,1
23,Samu,Midfielder,1985,32,22,5,0,10,7,0,1,0,0,47,6.79,2
24,A. Pedraza,Midfielder,1636,26,20,5,0,6,9,0,0,0,0,15,6.78,2
24,Aitor Ruibal,Defender,1452,26,15,4,1,11,6,0,0,0,0,13,6.72,1
24,Barrios,Midfielder,714,21,6,4,0,15,5,0,0,0,0,9,6.64,2
24,Cömert,Defender,1675,23,19,5,1,4,3,0,1,0,0,22,6.91,1
24,Eric,Defender,1414,24,15,3,0,9,5,0,1,0,0,10,6.92,1
24,F. San Emeterio,Midfielder,1855,33,24,14,0,9,21,0,0,0,0,23,6.63,2
24,Gabri Veiga,Midfielder,2308,36,28,6,1,8,24,0,11,0,0,30,6.96,2
24,Le Normand,Defender,2794,33,31,6,0,2,1,0,0,0,1,25,6.92,1
24,Mendes,Defender,887,14,11,2,0,3,7,0,0,0,0,28,6.2,1
24,Papu Gomez,Midfielder,1063,19,11,4,0,8,6,0,1,0,0,15,6.82,2
24,Valjent,Defender,2659,30,30,8,0,0,3,0,0,0,0,33,6.89,1
25,Callens,Defender,117,6,0,1,0,6,0,0,0,0,0,0,6.65,1
25,Mamardashvili,Goalkeeper,3420,38,38,3,0,0,0,0,0,0,0,45,6.82,0
25,R.d.t,Forward,804,19,9,2,0,10,9,0,4,1,0,13,6.82,3
25,Sadiq,Forward,83,2,1,0,0,1,1,0,1,0,0,0,6.72,3
26,C. Dominguez,Defender,107,3,1,0,0,2,0,0,0,0,0,1,6.7,1
28,Balde,Defender,2476,33,30,4,0,3,9,0,1,0,0,15,6.89,1
28,Rodri,Midfielder,1606,30,19,0,0,11,16,0,2,0,0,15,6.83,2
29,Adu Ares,Forward,76,8,0,0,0,8,0,0,0,0,0,3,6.75,3
29,Gayà,Defender,52,2,1,0,0,1,1,0,0,0,0,2,6.6,1
29,Juan Cruz,Midfielder,174,6,1,1,0,5,1,0,1,0,0,2,6.53,2
29,Miguel,Forward,250,7,3,0,0,4,3,0,1,0,0,4,6.69,3
31,Paredes,Defender,854,16,9,3,0,7,1,0,0,0,1,18,6.7,1
32,Chust,Defender,964,14,10,3,0,4,2,0,1,0,0,20,6.63,1
32,Pablo Torre,Midfielder,138,8,1,0,0,7,1,0,0,0,0,2,6.61,2
33,Cristhian,Defender,143,3,1,0,0,2,0,0,0,0,0,2,6.63,1
33,Miranda,Defender,1475,21,16,1,1,5,5,0,3,0,0,18,6.97,1
35,Jörgensen,Goalkeeper,180,2,2,0,0,0,0,0,0,0,0,3,6.35,0
36,J. Guerra,Midfielder,603,10,6,0,0,4,1,0,1,0,0,6,6.64,2
39,Álvaro,Forward,75,6,0,0,0,6,0,0,1,0,0,2,6.78,3
39,R. Terrats,Midfielder,824,16,11,1,0,5,11,0,1,0,0,9,6.74,2
40,Diego López,Forward,448,10,5,0,0,5,5,0,3,0,0,6,6.83,3
41,Mwepu,Midfielder,20,1,0,0,0,1,0,0,0,0,0,0,6.6,2
42,Marin,Midfielder,356,10,3,1,0,7,3,0,0,0,0,4,6.64,2
